<?xml version="1.0" encoding="UTF-8"?>
<project version="4">
  <component name="ChangeListManager">
    <list default="true" id="25a39e96-a17b-40b1-8f62-44ef00f09712" name="Default Changelist" comment="" />
    <option name="SHOW_DIALOG" value="false" />
    <option name="HIGHLIGHT_CONFLICTS" value="true" />
    <option name="HIGHLIGHT_NON_ACTIVE_CHANGELIST" value="false" />
    <option name="LAST_RESOLUTION" value="IGNORE" />
  </component>
  <component name="ComposerSettings">
    <execution>
      <executable />
    </execution>
  </component>
  <component name="FavoritesManager">
    <favorites_list name="shop_practice" />
  </component>
  <component name="Git.Settings">
    <option name="RECENT_GIT_ROOT_PATH" value="$PROJECT_DIR$" />
  </component>
  <component name="IgnoredFileRootStore">
    <option name="generatedRoots">
      <set>
        <option value="C:\Users\Mehrab Bozorgi\Desktop\shop_practice\.idea" />
      </set>
    </option>
  </component>
  <component name="ProjectId" id="1uvwAcW3IsTi43pPi57gVsnxjZk" />
  <component name="ProjectLevelVcsManager" settingsEditedManually="true" />
  <component name="ProjectViewState">
    <option name="hideEmptyMiddlePackages" value="true" />
    <option name="showExcludedFiles" value="true" />
    <option name="showLibraryContents" value="true" />
  </component>
  <component name="PropertiesComponent">
    <property name="RunOnceActivity.ShowReadmeOnStart" value="true" />
    <property name="WebServerToolWindowFactoryState" value="false" />
    <property name="last_opened_file_path" value="$PROJECT_DIR$" />
    <property name="node.js.detected.package.eslint" value="true" />
    <property name="node.js.detected.package.tslint" value="true" />
    <property name="node.js.path.for.package.eslint" value="project" />
    <property name="node.js.path.for.package.tslint" value="project" />
    <property name="node.js.selected.package.eslint" value="(autodetect)" />
    <property name="node.js.selected.package.tslint" value="(autodetect)" />
  </component>
  <component name="SvnConfiguration">
    <configuration />
  </component>
  <component name="TaskManager">
    <task active="true" id="Default" summary="Default task">
      <changelist id="25a39e96-a17b-40b1-8f62-44ef00f09712" name="Default Changelist" comment="" />
      <created>1625559228146</created>
      <option name="number" value="Default" />
      <option name="presentableId" value="Default" />
      <updated>1625559228146</updated>
      <workItem from="1625559230695" duration="310000" />
      <workItem from="1625588575570" duration="357000" />
      <workItem from="1625639695453" duration="3126000" />
      <workItem from="1625672662504" duration="564000" />
      <workItem from="1625727118433" duration="208000" />
      <workItem from="1625731094282" duration="202000" />
      <workItem from="1625735978491" duration="643000" />
      <workItem from="1625749968280" duration="533000" />
      <workItem from="1625751953926" duration="11000" />
      <workItem from="1625752385055" duration="23000" />
      <workItem from="1625753135730" duration="167000" />
      <workItem from="1625753446812" duration="9000" />
      <workItem from="1625759423725" duration="644000" />
      <workItem from="1625761142949" duration="467000" />
      <workItem from="1625773050387" duration="193000" />
      <workItem from="1625932327186" duration="22000" />
      <workItem from="1625987765119" duration="4520000" />
      <workItem from="1626010249594" duration="110000" />
      <workItem from="1626072875149" duration="1305000" />
      <workItem from="1626101845262" duration="4461000" />
      <workItem from="1626113197906" duration="906000" />
      <workItem from="1626120425608" duration="220000" />
      <workItem from="1626122828161" duration="179000" />
      <workItem from="1626165664766" duration="41000" />
      <workItem from="1626165761445" duration="6000" />
      <workItem from="1626170955948" duration="32000" />
      <workItem from="1626173316742" duration="39000" />
      <workItem from="1626181065717" duration="643000" />
      <workItem from="1626335591369" duration="1060000" />
      <workItem from="1626337289949" duration="736000" />
      <workItem from="1626338238294" duration="421000" />
      <workItem from="1626385454022" duration="337000" />
      <workItem from="1626431236717" duration="17000" />
      <workItem from="1626674385266" duration="1510000" />
      <workItem from="1626707167421" duration="1071000" />
      <workItem from="1626712870428" duration="597000" />
      <workItem from="1626715973350" duration="84000" />
      <workItem from="1626762552403" duration="24000" />
      <workItem from="1626762747297" duration="34000" />
      <workItem from="1626763366093" duration="71000" />
      <workItem from="1626765773050" duration="11000" />
      <workItem from="1626766642110" duration="309000" />
      <workItem from="1626853147433" duration="586000" />
      <workItem from="1626885954035" duration="323000" />
      <workItem from="1626886321729" duration="480000" />
      <workItem from="1627366059080" duration="194000" />
      <workItem from="1627971422244" duration="46000" />
      <workItem from="1627980968382" duration="2088000" />
      <workItem from="1628008725069" duration="83000" />
      <workItem from="1628053729930" duration="158000" />
      <workItem from="1628141740932" duration="28000" />
      <workItem from="1628711169605" duration="814000" />
      <workItem from="1628950179711" duration="434000" />
      <workItem from="1628950661499" duration="336000" />
      <workItem from="1629028920343" duration="163000" />
      <workItem from="1629029964431" duration="230000" />
      <workItem from="1629041523626" duration="28000" />
      <workItem from="1629056008555" duration="12000" />
      <workItem from="1629058642130" duration="103000" />
      <workItem from="1629059204509" duration="190000" />
      <workItem from="1629096354294" duration="77000" />
      <workItem from="1629126218826" duration="998000" />
      <workItem from="1629131710849" duration="1027000" />
      <workItem from="1629191154848" duration="12000" />
      <workItem from="1629205145234" duration="4000" />
      <workItem from="1635761798051" duration="621000" />
    </task>
    <task id="LOCAL-00001" summary="api">
      <created>1635762226672</created>
      <option name="number" value="00001" />
      <option name="presentableId" value="LOCAL-00001" />
      <option name="project" value="LOCAL" />
      <updated>1635762226672</updated>
    </task>
    <option name="localTasksCounter" value="2" />
    <servers />
  </component>
  <component name="TypeScriptGeneratedFilesManager">
    <option name="version" value="1" />
  </component>
  <component name="VcsManagerConfiguration">
    <MESSAGE value="api" />
    <option name="LAST_COMMIT_MESSAGE" value="api" />
  </component>
  <component name="WindowStateProjectService">
    <state x="308" y="0" key="CommitChangelistDialog2" timestamp="1635762225671">
      <screen x="0" y="0" width="1366" height="738" />
    </state>
    <state x="308" y="0" key="CommitChangelistDialog2/0.0.1366.738@0.0.1366.738" timestamp="1635762225671" />
    <state x="517" y="292" key="NewPhpFileDialog" timestamp="1629059227545">
      <screen x="0" y="0" width="1366" height="738" />
    </state>
    <state x="517" y="292" key="NewPhpFileDialog/0.0.1366.738@0.0.1366.738" timestamp="1629059227545" />
    <state x="275" y="102" key="Vcs.Push.Dialog.v2" timestamp="1635762320600">
      <screen x="0" y="0" width="1366" height="738" />
    </state>
    <state x="275" y="102" key="Vcs.Push.Dialog.v2/0.0.1366.738@0.0.1366.738" timestamp="1635762320600" />
  </component>
</project>